<?xml version="1.0" encoding="UTF-8" standalone="yes"?>
<Loader>
<Steps>
		<stepName>CE_IB_FollowUpListConf</stepName>
		<boName>CE_IB_FollowUpListConf</boName>
		<criteria>
			<lhsQuery>
				<type>column</type>
				<columnName>f_IBDEALID</columnName>
			</lhsQuery>
			<rhsQuery>
				<type>value</type>
				<value>dealId</value>
			</rhsQuery>
		</criteria>
	</Steps>
	
	<Steps>
		<stepName>CE_IB_DealFollowUpDtls</stepName>
		<boName>CE_IB_DealFollowUpDtls</boName>
		<criteria>
			<lhsQuery>
				<type>column</type>
				<columnName>f_IBDEALID</columnName>
			</lhsQuery>
			<rhsQuery>
				<type>value</type>
				<value>dealId</value>
			</rhsQuery>
		</criteria>
		<orderBy>f_IBFOLLOWUPDATE DESC</orderBy>
	</Steps>
	
	<!--Added for FBLE-17453:Asset Progressing -->
	<Steps>
		<stepName>CE_IB_IssuePaymentOrder</stepName>
		<boName>CE_IB_IssuePaymentOrder</boName>
		<criteria>
			<lhsQuery>
				<type>column</type>
				<columnName>f_DEALID</columnName>
			</lhsQuery>
			<rhsQuery>
				<type>value</type>
				<value>dealId</value>
			</rhsQuery>
		</criteria>
	</Steps>
	
	<Steps>
		<stepName>CE_IB_REFUNDFEES</stepName>
		<boName>CE_IB_REFUNDFEES</boName>
		<criteria>
			<lhsQuery>
				<type>column</type>
				<columnName>f_CEIBDEALID</columnName>
			</lhsQuery>
			<rhsQuery>
				<type>value</type>
				<value>dealId</value>
			</rhsQuery>
		</criteria>
	</Steps>
	<Steps>
		<stepName>CE_IB_DealReschedule</stepName>
		<boName>CE_IB_DealReschedule</boName>
		<criteria>
			<lhsQuery>
				<type>column</type>
				<columnName>f_IBDEALID</columnName>
			</lhsQuery>
			<rhsQuery>
				<type>value</type>
				<value>dealId</value>
			</rhsQuery>
		</criteria>
		<criteria>
			<lhsQuery>
				<type>column</type>
				<columnName>f_IBRESCHEDULESTATUS</columnName>
			</lhsQuery>
			<operand>!=</operand>
			<rhsQuery>
				<type>exact</type>
				<value>COMPLETED</value>
			</rhsQuery>
		</criteria>
		<criteria>
			<lhsQuery>
				<type>column</type>
				<columnName>f_IBRESCHEDULESTATUS</columnName>
			</lhsQuery>
			<operand>!=</operand>
			<rhsQuery>
				<type>exact</type>
				<value>REFUNDED</value>
			</rhsQuery>
		</criteria>
		<criteria>
			<lhsQuery>
				<type>column</type>
				<columnName>f_IBRESCHEDULESTATUS</columnName>
			</lhsQuery>
			<operand>!=</operand>
			<rhsQuery>
				<type>exact</type>
				<value>RETURN</value>
			</rhsQuery>
		</criteria>
		<criteria>
			<lhsQuery>
				<type>column</type>
				<columnName>f_IBRESCHEDULESTATUS</columnName>
			</lhsQuery>
			<operand>!=</operand>
			<rhsQuery>
				<type>exact</type>
				<value>REJECT</value>
			</rhsQuery>
		</criteria>
		<criteria>
			<lhsQuery>
				<type>column</type>
				<columnName>f_IBRESCHEDULESTATUS</columnName>
			</lhsQuery>
			<operand>!=</operand>
			<rhsQuery>
				<type>exact</type>
				<value>CANCEL</value>
			</rhsQuery>
		</criteria>
		<criteria>
			<lhsQuery>
				<type>column</type>
				<columnName>f_IBRESCHEDULESTATUS</columnName>
			</lhsQuery>
			<operand>!=</operand>
			<rhsQuery>
				<type>exact</type>
				<value>REVERSED</value>
			</rhsQuery>
		</criteria>
		<orderBy>CEIBRECLASTMODIFIEDDATE DESC</orderBy>
	</Steps>
	<Steps>
		<stepName>CE_IB_REFUNDRESCHDTLS</stepName>
		<boName>CE_IB_REFUNDRESCHDTLS</boName>
		<criteria>
			<lhsQuery>
				<type>column</type>
				<columnName>f_IBDEALID</columnName>
			</lhsQuery>
			<rhsQuery>
				<type>value</type>
				<value>dealId</value>
			</rhsQuery>
		</criteria>
		<criteria>
			<lhsQuery>
				<type>column</type>
				<columnName>f_IBSYSTEMSTATUS</columnName>
			</lhsQuery>
			<rhsQuery>
				<type>exact</type>
				<value>SCHEDULED</value>
			</rhsQuery>
		</criteria>
	</Steps>
	<Steps>
		<stepName>CE_IB_TransferOfDebtDtls</stepName>
		<boName>CE_IB_TransferOfDebtDtls</boName>
		<criteria>
			<lhsQuery>
				<type>column</type>
				<columnName>f_IBNEWDEALID</columnName>
			</lhsQuery>
			<rhsQuery>
				<type>value</type>
				<value>dealId</value>
			</rhsQuery>
		</criteria>
		<orderBy>CERECLASTMODIFIEDDATE DESC</orderBy>
	</Steps>
	<Steps>
		<stepName>CE_IB_IssuePODetail</stepName>
		<boName>CE_IB_IssuePODetail</boName>
		<criteria>
			<lhsQuery>
				<type>column</type>
				<columnName>f_IBDEALID</columnName>
			</lhsQuery>
			<rhsQuery>
				<type>value</type>
				<value>dealId</value>
			</rhsQuery>
		</criteria>
		<criteria>
			<lhsQuery>
				<type>column</type>
				<columnName>f_IBSTATUS</columnName>
			</lhsQuery>
			<rhsQuery>
				<type>exact</type>
				<value>Approved</value>
			</rhsQuery>
		</criteria>
	</Steps>
	<Steps>
		<stepName>CE_IB_IssuePOPayDetail</stepName>
		<boName>CE_IB_IssuePOPayDetail</boName>
		<criteria>
			<lhsQuery>
				<type>column</type>
				<columnName>f_IBPURCHASEORDERID</columnName>
			</lhsQuery>
			<rhsQuery>
				<type>dbstep</type>
				<step>CE_IB_IssuePODetail</step>
				<param>f_IBPURCHASEORDERID</param>
			</rhsQuery>
		</criteria>
	</Steps>
	<Steps>
		<stepName>CE_IB_IssuePOAssetDetail</stepName>
		<boName>CE_IB_IssuePOAssetDetail</boName>
		<criteria>
			<lhsQuery>
				<type>column</type>
				<columnName>f_IBPURCHASEORDERID</columnName>
			</lhsQuery>
			<rhsQuery>
				<type>dbstep</type>
				<step>CE_IB_IssuePODetail</step>
				<param>f_IBPURCHASEORDERID</param>
			</rhsQuery>
		</criteria>
	</Steps>
	<Steps>
		<stepName>CE_IB_IssuePOLiabilityDetail</stepName>
		<boName>CE_IB_IssuePOLiabilityDetail</boName>
		<criteria>
			<lhsQuery>
				<type>column</type>
				<columnName>f_IBPURCHASEORDERID</columnName>
			</lhsQuery>
			<rhsQuery>
				<type>dbstep</type>
				<step>CE_IB_IssuePODetail</step>
				<param>f_IBPURCHASEORDERID</param>
			</rhsQuery>
		</criteria>
	</Steps>
	<Steps>
		<stepName>DealCostDetails</stepName>
		<boName>DealCostDetails</boName>
		<executor>com.ce.bankfusion.ib.sysobject.DealCostDetailsLoader</executor>
		<criteria>
			<lhsQuery>
				<type>column</type>
				<columnName>dealId</columnName>
			</lhsQuery>
			<rhsQuery>
				<type>value</type>
				<value>dealId</value>
			</rhsQuery>
		</criteria>
	</Steps>
	<Steps>
		<stepName>PostingDetails</stepName>
		<boName>PostingDetails</boName>
		<executor>com.ce.bankfusion.ib.sysobject.PostingDetailsLoader</executor>
		<criteria>
			<lhsQuery>
				<type>column</type>
				<columnName>dealId</columnName>
			</lhsQuery>
			<rhsQuery>
				<type>value</type>
				<value>dealId</value>
			</rhsQuery>
		</criteria>
	</Steps>
	<Steps>
		<stepName>IB_IDI_DealDisbursementInfo</stepName>
		<boName>IB_IDI_DealDisbursementInfo</boName>
		<criteria>
			<lhsQuery>
				<type>column</type>
				<columnName>boID</columnName>
			</lhsQuery>
			<rhsQuery>
				<type>value</type>
				<value>dealId</value>
			</rhsQuery>
		</criteria>
	</Steps>
	<Steps>
		<stepName>DealFeesDetails</stepName>
		<boName>DealFeesDetails</boName>
		<executor>com.ce.bankfusion.ib.sysobject.DealFeesDetailsLoader</executor>
		<criteria>
			<lhsQuery>
				<type>column</type>
				<columnName>dealId</columnName>
			</lhsQuery>
			<rhsQuery>
				<type>value</type>
				<value>dealId</value>
			</rhsQuery>
		</criteria>
	</Steps>
</Loader>
