<?xml version="1.0" encoding="UTF-8" standalone="yes"?>  
<subproductFrequency>
  
<subproductFrequencyDtl>
<subproductId>20306DEFAULTSAR</subproductId>
<monthlyFrequency>true</monthlyFrequency>
<quarterlyFrequency>false</quarterlyFrequency>
<halfyearlyFrequency>true</halfyearlyFrequency>
<yearlyFrequency>true</yearlyFrequency>
</subproductFrequencyDtl>  

<subproductFrequencyDtl>
<subproductId>20201DEFAULTSAR</subproductId>
<monthlyFrequency>false</monthlyFrequency>
<quarterlyFrequency>false</quarterlyFrequency>
<halfyearlyFrequency>false</halfyearlyFrequency>
<yearlyFrequency>true</yearlyFrequency>
</subproductFrequencyDtl> 

</subproductFrequency>