<?xml version="1.0" encoding="UTF-8"?>

<beans xmlns="http://www.springframework.org/schema/beans" xmlns:xsi="http://www.w3.org/2001/XMLSchema-instance" xmlns:mvc="http://www.springframework.org/schema/mvc"
	xmlns:context="http://www.springframework.org/schema/context"
	xsi:schemaLocation="
        http://www.springframework.org/schema/mvc http://www.springframework.org/schema/mvc/spring-mvc-3.0.xsd
        http://www.springframework.org/schema/beans http://www.springframework.org/schema/beans/spring-beans-3.0.xsd
        http://www.springframework.org/schema/context http://www.springframework.org/schema/context/spring-context-3.0.xsd">

	<bean id="EARLYASSETPAYOFF" class="com.ce.bankfusion.ib.accountingentries.EarlyAssetPayoffContextObjectImpl" scope="prototype" />
	<bean id="RD_EARLYASSETPAYOFF" class="com.ce.bankfusion.ib.accountingentries.EarlyAssetPayoffRuleData" scope="prototype" />
	<bean id="RESCHREFUNDPROFIT" class="com.ce.bankfusion.ib.accountingentries.RefundReschProfitContextObjectImpl" scope="prototype" />
	<bean id="RD_RESCHREFUNDPROFIT" class="com.ce.bankfusion.ib.accountingentries.RefundReschProfitRuleData" scope="prototype" />
	<bean id="REFUNDRESCHEDULEFEES" class="com.ce.bankfusion.ib.accountingentries.RefundFeesContextObjectImpl" scope="prototype" />
	<bean id="RD_REFUNDRESCHEDULEFEES" class="com.ce.bankfusion.ib.accountingentries.RefundFeesRuleData" scope="prototype" />
	<bean id="PAYMENTORDER" class="com.ce.bankfusion.ib.accountingentries.IssuePaymentOrderContextObjectImpl" scope="prototype" />
	<bean id="RD_PAYMENTORDER" class="com.ce.bankfusion.ib.accountingentries.IssuePaymentOrderRuleData" scope="prototype" />
	
</beans>
