<?xml version="1.0" encoding="UTF-8"?>

<beans xmlns="http://www.springframework.org/schema/beans" xmlns:xsi="http://www.w3.org/2001/XMLSchema-instance" xmlns:mvc="http://www.springframework.org/schema/mvc"
	xmlns:context="http://www.springframework.org/schema/context"
	xsi:schemaLocation="
        http://www.springframework.org/schema/mvc http://www.springframework.org/schema/mvc/spring-mvc-3.0.xsd
        http://www.springframework.org/schema/beans http://www.springframework.org/schema/beans/spring-beans-3.0.xsd
        http://www.springframework.org/schema/context http://www.springframework.org/schema/context/spring-context-3.0.xsd">

    <!-- Please follow this format for creating more beans -->
	<!-- bean id corresponds to process action -->	
	<!-- the class which is referred by each of the beans must extend "com.misys.ib.processManagement.AbstractIslamicProcessManager" class -->	
    <!-- example -->
	<!-- <bean id="DEAL" class="com.misys.ib.processManagement.DealOriginationProcess" scope="prototype" />	 -->
	<bean id="ASSETPAYOFF" class="com.ce.ib.processManagement.EarlyAssetPayoffProcess" scope="prototype" />
	<bean id="FOLLOWUPPROCESS" class="com.ce.ib.processManagement.DealFollowUpProcess" scope="prototype" />
	<bean id="ASSETPROGRESSINGSRV" class="com.ce.ib.processManagement.AssetProgressingProcess" scope="prototype" />
	<bean id="TRANSFEROFDEBTSREQSPRC" class="com.ce.ib.processManagement.TransferOfDebtReqProcess" scope="prototype" />
	<bean id="TRANSFEROFDEBTPRC" class="com.ce.ib.processManagement.TransferOfDebtActvnProcess" scope="prototype" />
	<bean id="RECALLPROCESS" class="com.ce.ib.processManagement.RecallProcess" scope="prototype" />
	<bean id="FOLLOWUPAMENDPROCESS" class="com.ce.ib.processManagement.DealFollowUpAmendProcess" scope="prototype" />
	<bean id="DEALUNHOLDPROCESS" class="com.ce.ib.processManagement.DealHoldUnholdProcess" scope="prototype" />
	<bean id="CANCELSADADPROCESS" class="com.ce.ib.processManagement.CancelSadadProcess" scope="prototype" />
	<bean id="DEALEXCEPAPPRVL" class="com.ce.ib.processManagement.DealExceptionApprovalProcess" scope="prototype" />
	<bean id="ADFRESCHPROCESS" class="com.ce.ib.processManagement.DealRescheduleProcess" scope="prototype" />
	<bean id="ASSETPROGRESSING" class="com.ce.ib.processManagement.AssetProgressingProcess" scope="prototype" />
	<bean id="ISSUEPAYMENTORDER" class="com.ce.ib.processManagement.IssuePaymentOrderProcess" scope="prototype" />
    <bean id="ASSETREPLACEMENTPROCESS" class="com.ce.ib.processManagement.AssetReplacementProcess" scope="prototype" />
	<bean id="ADFCOLASNPROCESS" class="com.ce.ib.processManagement.ADFCollateralAssignProcess" scope="prototype" />
	<bean id="THREEPANELSERVICES" class="com.ce.ib.processManagement.ThreePanelServices" scope="prototype" />
	</beans>